@user1,12345,String 1,1704067200
@user2,54321,String 2,1704067200
@user3,11111,String 3,1704067200
@user4,22222,String 4,1704067200
@user5,33333,String 5,1704067200
@user6,44444,String 6,1704067200
@user7,55555,String 7,1704067200
@user8,66666,String 8,1704067200
@user9,77777,String 9,1704067200
@user10,88888,String 10,1704067200
@user11,99999,String 11,1704067200
@user12,101010,String 12,1704067200
@user13,111111,String 13,1704067200
@user14,121212,String 14,1704067200
@user15,131313,String 15,1704067200
